Departure Date	Departure Airport Code	Arrival Airport Code	Points Required	Avios	Travel Class	Search Timestamp	Cash Price
03 MAY 2023	SYD	HNL	31500	25750	-/-/-/E	2023-05-02 19:32:11	-
04 MAY 2023	SYD	HNL	31500	25750	-/-/-/E	2023-05-02 19:32:11	-
05 MAY 2023	SYD	HNL	31500	25750	-/B/-/E	2023-05-02 19:32:11	-
06 MAY 2023	SYD	HNL	31500	25750	-/-/-/E	2023-05-02 19:32:11	-
07 MAY 2023	SYD	HNL	31500	25750	-/-/-/E	2023-05-02 19:32:11	-
08 MAY 2023	SYD	HNL	31500	25750	-/B/-/E	2023-05-02 19:32:11	-
09 MAY 2023	SYD	HNL	31500	25750	-/-/-/E	2023-05-02 19:32:12	-
10 MAY 2023	SYD	HNL	31500	25750	-/-/-/E	2023-05-02 19:32:12	-
11 MAY 2023	SYD	HNL	31500	25750	-/-/-/E	2023-05-02 19:32:12	-
12 MAY 2023	SYD	HNL	31500	25750	-/-/-/E	2023-05-02 19:32:12	-
13 MAY 2023	SYD	HNL	31500	25750	-/-/-/E	2023-05-02 19:32:12	-
14 MAY 2023	SYD	HNL	31500	25750	-/-/-/E	2023-05-02 19:32:12	-
16 MAY 2023	SYD	HNL	31500	25750	-/-/-/E	2023-05-02 19:32:12	-
16 MAY 2023	SYD	HNL	31500	25750	-/-/-/E	2023-05-02 19:32:34	-
17 MAY 2023	SYD	HNL	31500	25750	-/-/-/E	2023-05-02 19:32:12	-
17 MAY 2023	SYD	HNL	31500	25750	-/-/-/E	2023-05-02 19:32:35	-
18 MAY 2023	SYD	HNL	31500	25750	-/B/-/E	2023-05-02 19:32:35	-
19 MAY 2023	SYD	HNL	31500	25750	-/B/-/E	2023-05-02 19:32:35	-
20 MAY 2023	SYD	HNL	31500	25750	-/-/-/E	2023-05-02 19:32:35	-
21 MAY 2023	SYD	HNL	31500	25750	-/-/-/E	2023-05-02 19:32:35	-
22 MAY 2023	SYD	HNL	31500	25750	-/B/-/E	2023-05-02 19:32:35	-
23 MAY 2023	SYD	HNL	31500	25750	-/-/-/E	2023-05-02 19:32:35	-
24 MAY 2023	SYD	HNL	31500	25750	-/B/-/E	2023-05-02 19:32:35	-
25 MAY 2023	SYD	HNL	31500	25750	-/-/-/E	2023-05-02 19:32:35	-
26 MAY 2023	SYD	HNL	31500	25750	-/-/-/E	2023-05-02 19:32:36	-
27 MAY 2023	SYD	HNL	31500	25750	-/-/-/E	2023-05-02 19:32:36	-
28 MAY 2023	SYD	HNL	31500	25750	-/-/-/E	2023-05-02 19:32:36	-
29 MAY 2023	SYD	HNL	31500	25750	-/-/-/E	2023-05-02 19:32:36	-
30 MAY 2023	SYD	HNL	31500	25750	-/B/-/E	2023-05-02 19:32:36	-
31 MAY 2023	SYD	HNL	31500	25750	-/-/-/E	2023-05-02 19:32:36	-
01 JUNE 2023	SYD	HNL	31500	25750	-/-/-/E	2023-05-02 18:55:49	-
02 JUNE 2023	SYD	HNL	31500	25750	-/-/-/E	2023-05-02 19:32:36	-
03 JUNE 2023	SYD	HNL	31500	25750	-/-/-/E	2023-05-02 19:32:36	-
04 JUNE 2023	SYD	HNL	31500	25750	-/-/-/E	2023-05-02 19:32:36	-
05 JUNE 2023	SYD	HNL	31500	25750	-/-/-/E	2023-05-02 19:32:36	-
06 JUNE 2023	SYD	HNL	31500	25750	-/-/-/E	2023-05-02 19:32:36	-
07 JUNE 2023	SYD	HNL	31500	25750	-/-/-/E	2023-05-02 19:32:36	-
08 JUNE 2023	SYD	HNL	31500	25750	-/-/-/E	2023-05-02 19:32:37	-
09 JUNE 2023	SYD	HNL	31500	25750	-/-/-/E	2023-05-02 19:32:37	-
10 JUNE 2023	SYD	HNL	31500	25750	-/-/-/E	2023-05-02 19:32:37	-
11 JUNE 2023	SYD	HNL	31500	25750	-/-/-/E	2023-05-02 19:32:37	-
12 JUNE 2023	SYD	HNL	31500	25750	-/-/-/E	2023-05-02 19:32:37	-
13 JUNE 2023	SYD	HNL	82000	0	-/B/-/-	2023-05-02 19:32:37	-
14 JUNE 2023	SYD	HNL	31500	25750	-/B/-/E	2023-05-02 19:32:37	-
14 JUNE 2023	SYD	HNL	31500	25750	-/B/-/E	2023-05-02 19:32:59	-
16 JUNE 2023	SYD	HNL	31500	25750	-/-/-/E	2023-05-02 19:33:00	-
23 JUNE 2023	SYD	HNL	31500	25750	-/-/-/E	2023-05-02 19:33:00	-
26 JUNE 2023	SYD	HNL	31500	25750	-/-/-/E	2023-05-02 19:33:00	-
28 JUNE 2023	SYD	HNL	31500	25750	-/-/-/E	2023-05-02 19:33:00	-
30 JUNE 2023	SYD	HNL	31500	25750	-/-/-/E	2023-05-02 19:33:00	-
03 JULY 2023	SYD	HNL	31500	25750	-/-/-/E	2023-05-02 19:33:00	-
04 JULY 2023	SYD	HNL	82000	0	-/B/-/-	2023-05-02 19:33:00	-
05 JULY 2023	SYD	HNL	31500	25750	-/B/-/E	2023-05-02 19:33:00	-
06 JULY 2023	SYD	HNL	31500	25750	-/B/-/E	2023-05-02 19:33:00	-
07 JULY 2023	SYD	HNL	31500	25750	-/B/-/E	2023-05-02 19:33:00	-
08 JULY 2023	SYD	HNL	31500	25750	-/-/-/E	2023-05-02 19:33:00	-
09 JULY 2023	SYD	HNL	31500	25750	-/-/-/E	2023-05-02 19:33:00	-
10 JULY 2023	SYD	HNL	31500	25750	-/-/-/E	2023-05-02 19:33:01	-
12 JULY 2023	SYD	HNL	31500	25750	-/-/-/E	2023-05-02 19:33:01	-
13 JULY 2023	SYD	HNL	31500	25750	-/B/-/E	2023-05-02 19:33:01	-
13 JULY 2023	SYD	HNL	31500	25750	-/B/-/E	2023-05-02 19:33:20	-
14 JULY 2023	SYD	HNL	31500	25750	-/B/-/E	2023-05-02 19:33:01	-
14 JULY 2023	SYD	HNL	31500	25750	-/B/-/E	2023-05-02 19:33:20	-
15 JULY 2023	SYD	HNL	31500	25750	-/-/-/E	2023-05-02 19:33:21	-
16 JULY 2023	SYD	HNL	31500	25750	-/B/-/E	2023-05-02 19:33:21	-
17 JULY 2023	SYD	HNL	31500	25750	-/-/-/E	2023-05-02 19:33:21	-
18 JULY 2023	SYD	HNL	31500	25750	-/B/-/E	2023-05-02 19:33:21	-
19 JULY 2023	SYD	HNL	31500	25750	-/B/-/E	2023-05-02 19:33:21	-
20 JULY 2023	SYD	HNL	31500	25750	-/B/-/E	2023-05-02 19:33:21	-
21 JULY 2023	SYD	HNL	31500	25750	-/B/-/E	2023-05-02 19:33:21	-
22 JULY 2023	SYD	HNL	31500	25750	-/-/-/E	2023-05-02 19:33:21	-
23 JULY 2023	SYD	HNL	31500	25750	-/-/-/E	2023-05-02 19:33:21	-
24 JULY 2023	SYD	HNL	31500	25750	-/-/-/E	2023-05-02 19:33:21	-
25 JULY 2023	SYD	HNL	31500	25750	-/-/-/E	2023-05-02 19:33:21	-
26 JULY 2023	SYD	HNL	31500	25750	-/-/-/E	2023-05-02 19:33:21	-
27 JULY 2023	SYD	HNL	31500	25750	-/-/-/E	2023-05-02 19:33:22	-
28 JULY 2023	SYD	HNL	31500	25750	-/B/-/E	2023-05-02 19:33:22	-
29 JULY 2023	SYD	HNL	31500	25750	-/-/-/E	2023-05-02 19:33:22	-
30 JULY 2023	SYD	HNL	31500	25750	-/-/-/E	2023-05-02 19:33:22	-
31 JULY 2023	SYD	HNL	31500	25750	-/-/-/E	2023-05-02 19:33:22	-
01 AUGUST 2023	SYD	HNL	31500	25750	-/-/-/E	2023-05-02 19:33:22	-
02 AUGUST 2023	SYD	HNL	31500	25750	-/-/-/E	2023-05-02 19:33:22	-
03 AUGUST 2023	SYD	HNL	31500	25750	-/-/-/E	2023-05-02 19:33:22	-
04 AUGUST 2023	SYD	HNL	31500	25750	-/B/-/E	2023-05-02 19:33:22	-
05 AUGUST 2023	SYD	HNL	31500	25750	-/-/-/E	2023-05-02 19:33:22	-
06 AUGUST 2023	SYD	HNL	31500	25750	-/-/-/E	2023-05-02 19:33:22	-
07 AUGUST 2023	SYD	HNL	31500	25750	-/-/-/E	2023-05-02 19:33:23	-
08 AUGUST 2023	SYD	HNL	31500	25750	-/-/-/E	2023-05-02 19:33:23	-
09 AUGUST 2023	SYD	HNL	31500	25750	-/-/-/E	2023-05-02 19:33:23	-
10 AUGUST 2023	SYD	HNL	31500	25750	-/-/-/E	2023-05-02 19:33:23	-
11 AUGUST 2023	SYD	HNL	31500	25750	-/-/-/E	2023-05-02 19:33:23	-
11 AUGUST 2023	SYD	HNL	31500	25750	-/-/-/E	2023-05-02 19:33:45	-
12 AUGUST 2023	SYD	HNL	31500	25750	-/-/-/E	2023-05-02 19:33:23	-
12 AUGUST 2023	SYD	HNL	31500	25750	-/-/-/E	2023-05-02 19:33:45	-
13 AUGUST 2023	SYD	HNL	31500	25750	-/-/-/E	2023-05-02 19:33:45	-
14 AUGUST 2023	SYD	HNL	31500	25750	-/-/-/E	2023-05-02 19:33:45	-
15 AUGUST 2023	SYD	HNL	31500	25750	-/-/-/E	2023-05-02 19:33:45	-
16 AUGUST 2023	SYD	HNL	31500	25750	-/-/-/E	2023-05-02 19:33:45	-
17 AUGUST 2023	SYD	HNL	31500	25750	-/-/-/E	2023-05-02 19:33:45	-
18 AUGUST 2023	SYD	HNL	31500	25750	-/-/-/E	2023-05-02 19:33:45	-
19 AUGUST 2023	SYD	HNL	31500	25750	-/-/-/E	2023-05-02 19:33:46	-
20 AUGUST 2023	SYD	HNL	31500	25750	-/-/-/E	2023-05-02 19:33:46	-
21 AUGUST 2023	SYD	HNL	31500	25750	-/-/-/E	2023-05-02 19:33:46	-
23 AUGUST 2023	SYD	HNL	31500	25750	-/-/PE/E	2023-05-02 19:33:46	-
24 AUGUST 2023	SYD	HNL	31500	25750	-/-/-/E	2023-05-02 19:33:46	-
25 AUGUST 2023	SYD	HNL	31500	25750	-/-/-/E	2023-05-02 19:33:46	-
26 AUGUST 2023	SYD	HNL	31500	25750	-/-/-/E	2023-05-02 19:33:46	-
27 AUGUST 2023	SYD	HNL	31500	25750	-/-/-/E	2023-05-02 19:33:46	-
28 AUGUST 2023	SYD	HNL	31500	25750	-/-/-/E	2023-05-02 19:33:46	-
29 AUGUST 2023	SYD	HNL	31500	25750	-/-/PE/E	2023-05-02 19:33:46	-
30 AUGUST 2023	SYD	HNL	31500	25750	-/-/-/E	2023-05-02 19:33:46	-
31 AUGUST 2023	SYD	HNL	31500	25750	-/-/-/E	2023-05-02 19:33:47	-
01 SEPTEMBER 2023	SYD	HNL	31500	25750	-/-/-/E	2023-05-02 19:33:47	-
02 SEPTEMBER 2023	SYD	HNL	31500	25750	-/-/-/E	2023-05-02 19:33:47	-
03 SEPTEMBER 2023	SYD	HNL	31500	25750	-/-/-/E	2023-05-02 19:33:47	-
04 SEPTEMBER 2023	SYD	HNL	31500	25750	-/-/-/E	2023-05-02 19:33:47	-
05 SEPTEMBER 2023	SYD	HNL	31500	25750	-/-/-/E	2023-05-02 19:33:47	-
06 SEPTEMBER 2023	SYD	HNL	31500	25750	-/-/-/E	2023-05-02 19:33:47	-
07 SEPTEMBER 2023	SYD	HNL	31500	25750	-/-/-/E	2023-05-02 19:33:47	-
08 SEPTEMBER 2023	SYD	HNL	31500	25750	-/-/-/E	2023-05-02 19:33:47	-
09 SEPTEMBER 2023	SYD	HNL	31500	25750	-/-/-/E	2023-05-02 19:33:47	-
09 SEPTEMBER 2023	SYD	HNL	31500	25750	-/-/-/E	2023-05-02 19:34:08	-
10 SEPTEMBER 2023	SYD	HNL	31500	25750	-/-/-/E	2023-05-02 19:33:47	-
10 SEPTEMBER 2023	SYD	HNL	31500	25750	-/-/-/E	2023-05-02 19:34:08	-
11 SEPTEMBER 2023	SYD	HNL	31500	25750	-/-/-/E	2023-05-02 19:34:08	-
12 SEPTEMBER 2023	SYD	HNL	31500	25750	-/-/-/E	2023-05-02 19:34:08	-
13 SEPTEMBER 2023	SYD	HNL	31500	25750	-/-/-/E	2023-05-02 19:34:08	-
15 SEPTEMBER 2023	SYD	HNL	31500	25750	-/-/-/E	2023-05-02 19:34:08	-
26 SEPTEMBER 2023	SYD	HNL	31500	25750	-/-/-/E	2023-05-02 19:34:08	-
27 SEPTEMBER 2023	SYD	HNL	31500	25750	-/-/-/E	2023-05-02 19:34:08	-
28 SEPTEMBER 2023	SYD	HNL	31500	25750	-/-/-/E	2023-05-02 19:34:08	-
29 SEPTEMBER 2023	SYD	HNL	31500	25750	-/-/-/E	2023-05-02 19:34:08	-
30 SEPTEMBER 2023	SYD	HNL	31500	25750	-/-/-/E	2023-05-02 19:34:08	-
01 OCTOBER 2023	SYD	HNL	31500	25750	-/-/-/E	2023-05-02 19:34:08	-
02 OCTOBER 2023	SYD	HNL	31500	25750	-/-/-/E	2023-05-02 19:34:09	-
03 OCTOBER 2023	SYD	HNL	31500	25750	-/-/-/E	2023-05-02 19:34:09	-
04 OCTOBER 2023	SYD	HNL	31500	25750	-/-/-/E	2023-05-02 19:34:09	-
06 OCTOBER 2023	SYD	HNL	31500	25750	-/-/-/E	2023-05-02 19:34:09	-
09 OCTOBER 2023	SYD	HNL	31500	25750	-/-/-/E	2023-05-02 19:34:09	-
09 OCTOBER 2023	SYD	HNL	31500	25750	-/-/-/E	2023-05-02 19:34:29	-
10 OCTOBER 2023	SYD	HNL	31500	25750	-/-/PE/E	2023-05-02 19:34:29	-
11 OCTOBER 2023	SYD	HNL	31500	25750	-/-/-/E	2023-05-02 19:34:29	-
12 OCTOBER 2023	SYD	HNL	31500	25750	-/-/-/E	2023-05-02 19:34:29	-
13 OCTOBER 2023	SYD	HNL	31500	25750	-/-/-/E	2023-05-02 19:34:29	-
14 OCTOBER 2023	SYD	HNL	31500	25750	-/-/PE/E	2023-05-02 19:34:29	-
15 OCTOBER 2023	SYD	HNL	31500	25750	-/-/-/E	2023-05-02 19:34:29	-
16 OCTOBER 2023	SYD	HNL	31500	25750	-/-/PE/E	2023-05-02 19:34:30	-
17 OCTOBER 2023	SYD	HNL	31500	25750	-/-/-/E	2023-05-02 19:34:30	-
18 OCTOBER 2023	SYD	HNL	31500	25750	-/-/-/E	2023-05-02 19:34:30	-
19 OCTOBER 2023	SYD	HNL	31500	25750	-/-/-/E	2023-05-02 19:34:30	-
20 OCTOBER 2023	SYD	HNL	31500	25750	-/-/-/E	2023-05-02 19:34:30	-
21 OCTOBER 2023	SYD	HNL	31500	25750	-/-/PE/E	2023-05-02 19:34:30	-
22 OCTOBER 2023	SYD	HNL	31500	25750	-/-/-/E	2023-05-02 19:34:30	-
23 OCTOBER 2023	SYD	HNL	31500	25750	-/-/PE/E	2023-05-02 19:34:30	-
24 OCTOBER 2023	SYD	HNL	31500	25750	-/-/PE/E	2023-05-02 19:34:30	-
25 OCTOBER 2023	SYD	HNL	31500	25750	-/-/-/E	2023-05-02 19:34:30	-
26 OCTOBER 2023	SYD	HNL	31500	25750	-/-/-/E	2023-05-02 19:34:30	-
27 OCTOBER 2023	SYD	HNL	31500	25750	-/-/-/E	2023-05-02 19:34:30	-
28 OCTOBER 2023	SYD	HNL	31500	25750	-/-/PE/E	2023-05-02 19:34:31	-
29 OCTOBER 2023	SYD	HNL	31500	25750	-/-/-/E	2023-05-02 19:34:31	-
30 OCTOBER 2023	SYD	HNL	31500	25750	-/-/-/E	2023-05-02 19:34:31	-
31 OCTOBER 2023	SYD	HNL	31500	25750	-/-/-/E	2023-05-02 19:34:31	-
01 NOVEMBER 2023	SYD	HNL	31500	25750	-/-/PE/E	2023-05-02 19:34:31	-
02 NOVEMBER 2023	SYD	HNL	31500	25750	-/-/PE/E	2023-05-02 19:34:31	-
03 NOVEMBER 2023	SYD	HNL	31500	25750	-/-/-/E	2023-05-02 19:34:31	-
04 NOVEMBER 2023	SYD	HNL	31500	25750	-/-/-/E	2023-05-02 19:34:31	-
05 NOVEMBER 2023	SYD	HNL	31500	25750	-/-/-/E	2023-05-02 19:34:31	-
06 NOVEMBER 2023	SYD	HNL	31500	25750	-/-/PE/E	2023-05-02 19:34:31	-
06 NOVEMBER 2023	SYD	HNL	31500	25750	-/-/PE/E	2023-05-02 19:34:53	-
07 NOVEMBER 2023	SYD	HNL	31500	25750	-/-/-/E	2023-05-02 19:34:31	-
07 NOVEMBER 2023	SYD	HNL	31500	25750	-/-/-/E	2023-05-02 19:34:54	-
08 NOVEMBER 2023	SYD	HNL	31500	25750	-/-/-/E	2023-05-02 19:34:54	-
09 NOVEMBER 2023	SYD	HNL	31500	25750	-/-/-/E	2023-05-02 19:34:54	-
10 NOVEMBER 2023	SYD	HNL	31500	25750	-/-/-/E	2023-05-02 19:34:54	-
11 NOVEMBER 2023	SYD	HNL	31500	25750	-/-/-/E	2023-05-02 19:34:54	-
12 NOVEMBER 2023	SYD	HNL	31500	25750	-/-/-/E	2023-05-02 19:34:54	-
13 NOVEMBER 2023	SYD	HNL	31500	25750	-/-/-/E	2023-05-02 19:34:54	-
14 NOVEMBER 2023	SYD	HNL	31500	25750	-/-/PE/E	2023-05-02 19:34:54	-
15 NOVEMBER 2023	SYD	HNL	31500	25750	-/-/-/E	2023-05-02 19:34:54	-
16 NOVEMBER 2023	SYD	HNL	31500	25750	-/-/-/E	2023-05-02 19:34:54	-
17 NOVEMBER 2023	SYD	HNL	31500	25750	-/-/-/E	2023-05-02 19:34:54	-
18 NOVEMBER 2023	SYD	HNL	31500	25750	-/-/PE/E	2023-05-02 19:34:55	-
19 NOVEMBER 2023	SYD	HNL	31500	25750	-/-/-/E	2023-05-02 19:34:55	-
20 NOVEMBER 2023	SYD	HNL	31500	25750	-/-/-/E	2023-05-02 19:34:55	-
21 NOVEMBER 2023	SYD	HNL	31500	25750	-/-/-/E	2023-05-02 19:34:55	-
22 NOVEMBER 2023	SYD	HNL	31500	25750	-/-/-/E	2023-05-02 19:34:55	-
23 NOVEMBER 2023	SYD	HNL	31500	25750	-/-/PE/E	2023-05-02 19:34:55	-
24 NOVEMBER 2023	SYD	HNL	31500	25750	-/-/-/E	2023-05-02 19:34:55	-
25 NOVEMBER 2023	SYD	HNL	31500	25750	-/-/PE/E	2023-05-02 19:34:55	-
26 NOVEMBER 2023	SYD	HNL	31500	25750	-/-/-/E	2023-05-02 19:34:55	-
27 NOVEMBER 2023	SYD	HNL	31500	25750	-/-/-/E	2023-05-02 19:34:55	-
28 NOVEMBER 2023	SYD	HNL	31500	25750	-/-/-/E	2023-05-02 19:34:55	-
29 NOVEMBER 2023	SYD	HNL	31500	25750	-/-/-/E	2023-05-02 19:34:55	-
30 NOVEMBER 2023	SYD	HNL	31500	25750	-/-/-/E	2023-05-02 19:34:56	-
02 DECEMBER 2023	SYD	HNL	31500	25750	-/-/-/E	2023-05-02 19:34:56	-
04 DECEMBER 2023	SYD	HNL	31500	25750	-/-/-/E	2023-05-02 19:34:56	-
06 DECEMBER 2023	SYD	HNL	31500	25750	-/-/-/E	2023-05-02 19:34:56	-
06 DECEMBER 2023	SYD	HNL	31500	25750	-/-/-/E	2023-05-02 19:35:19	-
08 DECEMBER 2023	SYD	HNL	31500	25750	-/-/-/E	2023-05-02 19:35:19	-
09 DECEMBER 2023	SYD	HNL	31500	25750	-/-/-/E	2023-05-02 19:35:19	-
11 DECEMBER 2023	SYD	HNL	31500	25750	-/-/-/E	2023-05-02 19:35:19	-
13 DECEMBER 2023	SYD	HNL	31500	25750	-/-/-/E	2023-05-02 19:35:19	-
24 DECEMBER 2023	SYD	HNL	31500	25750	-/-/-/E	2023-05-02 19:35:19	-
12 JANUARY 2024	SYD	HNL	31500	25750	-/-/-/E	2023-05-02 19:35:42	-
13 JANUARY 2024	SYD	HNL	31500	25750	-/-/-/E	2023-05-02 19:35:42	-
14 JANUARY 2024	SYD	HNL	31500	25750	-/-/-/E	2023-05-02 19:35:42	-
15 JANUARY 2024	SYD	HNL	31500	25750	-/B/-/E	2023-05-02 19:35:43	-
16 JANUARY 2024	SYD	HNL	31500	25750	-/-/-/E	2023-05-02 19:35:43	-
17 JANUARY 2024	SYD	HNL	31500	25750	-/-/-/E	2023-05-02 19:35:43	-
18 JANUARY 2024	SYD	HNL	31500	25750	-/-/-/E	2023-05-02 19:35:43	-
19 JANUARY 2024	SYD	HNL	31500	25750	-/B/-/E	2023-05-02 19:35:43	-
20 JANUARY 2024	SYD	HNL	31500	25750	-/B/-/E	2023-05-02 19:35:43	-
21 JANUARY 2024	SYD	HNL	31500	25750	-/-/-/E	2023-05-02 19:35:43	-
22 JANUARY 2024	SYD	HNL	31500	25750	-/-/-/E	2023-05-02 19:35:43	-
23 JANUARY 2024	SYD	HNL	31500	25750	-/-/-/E	2023-05-02 19:35:43	-
24 JANUARY 2024	SYD	HNL	31500	25750	-/-/-/E	2023-05-02 19:35:43	-
25 JANUARY 2024	SYD	HNL	31500	25750	-/-/-/E	2023-05-02 19:35:43	-
26 JANUARY 2024	SYD	HNL	31500	25750	-/-/-/E	2023-05-02 19:35:43	-
27 JANUARY 2024	SYD	HNL	31500	25750	-/B/-/E	2023-05-02 19:35:44	-
28 JANUARY 2024	SYD	HNL	31500	25750	-/B/-/E	2023-05-02 19:35:44	-
29 JANUARY 2024	SYD	HNL	31500	25750	-/B/-/E	2023-05-02 19:35:44	-
30 JANUARY 2024	SYD	HNL	31500	25750	-/-/-/E	2023-05-02 19:35:44	-
31 JANUARY 2024	SYD	HNL	31500	25750	-/B/-/E	2023-05-02 19:35:44	-
01 FEBRUARY 2024	SYD	HNL	31500	25750	-/-/-/E	2023-05-02 19:35:44	-
01 FEBRUARY 2024	SYD	HNL	31500	25750	-/-/-/E	2023-05-02 19:36:05	-
02 FEBRUARY 2024	SYD	HNL	31500	25750	-/B/-/E	2023-05-02 19:35:44	-
02 FEBRUARY 2024	SYD	HNL	31500	25750	-/B/-/E	2023-05-02 19:36:05	-
03 FEBRUARY 2024	SYD	HNL	31500	25750	-/B/-/E	2023-05-02 19:36:05	-
04 FEBRUARY 2024	SYD	HNL	31500	25750	-/-/-/E	2023-05-02 19:36:05	-
05 FEBRUARY 2024	SYD	HNL	31500	25750	-/-/-/E	2023-05-02 19:36:05	-
06 FEBRUARY 2024	SYD	HNL	31500	25750	-/-/-/E	2023-05-02 19:36:05	-
07 FEBRUARY 2024	SYD	HNL	31500	25750	-/B/-/E	2023-05-02 19:36:05	-
08 FEBRUARY 2024	SYD	HNL	31500	25750	-/-/-/E	2023-05-02 19:36:05	-
09 FEBRUARY 2024	SYD	HNL	31500	25750	-/-/-/E	2023-05-02 19:36:05	-
10 FEBRUARY 2024	SYD	HNL	31500	25750	-/-/-/E	2023-05-02 19:36:05	-
11 FEBRUARY 2024	SYD	HNL	31500	25750	-/-/-/E	2023-05-02 19:36:06	-
12 FEBRUARY 2024	SYD	HNL	31500	25750	-/B/-/E	2023-05-02 19:36:06	-
13 FEBRUARY 2024	SYD	HNL	31500	25750	-/-/-/E	2023-05-02 19:36:06	-
14 FEBRUARY 2024	SYD	HNL	31500	25750	-/B/-/E	2023-05-02 19:36:06	-
15 FEBRUARY 2024	SYD	HNL	31500	25750	-/-/-/E	2023-05-02 19:36:06	-
16 FEBRUARY 2024	SYD	HNL	31500	25750	-/-/-/E	2023-05-02 19:36:06	-
17 FEBRUARY 2024	SYD	HNL	31500	25750	-/-/-/E	2023-05-02 19:36:06	-
18 FEBRUARY 2024	SYD	HNL	31500	25750	-/B/-/E	2023-05-02 19:36:06	-
19 FEBRUARY 2024	SYD	HNL	31500	25750	-/B/-/E	2023-05-02 19:36:06	-
20 FEBRUARY 2024	SYD	HNL	31500	25750	-/-/-/E	2023-05-02 19:36:06	-
21 FEBRUARY 2024	SYD	HNL	31500	25750	-/-/-/E	2023-05-02 19:36:06	-
22 FEBRUARY 2024	SYD	HNL	31500	25750	-/-/-/E	2023-05-02 19:36:06	-
23 FEBRUARY 2024	SYD	HNL	31500	25750	-/B/-/E	2023-05-02 19:36:07	-
24 FEBRUARY 2024	SYD	HNL	31500	25750	-/B/-/E	2023-05-02 19:36:07	-
25 FEBRUARY 2024	SYD	HNL	31500	25750	-/B/-/E	2023-05-02 19:36:07	-
26 FEBRUARY 2024	SYD	HNL	31500	25750	-/-/-/E	2023-05-02 19:36:07	-
27 FEBRUARY 2024	SYD	HNL	31500	25750	-/-/-/E	2023-05-02 19:36:07	-
28 FEBRUARY 2024	SYD	HNL	31500	25750	-/B/-/E	2023-05-02 19:36:07	-
29 FEBRUARY 2024	SYD	HNL	31500	25750	-/-/-/E	2023-05-02 19:36:07	-
01 MARCH 2024	SYD	HNL	31500	25750	-/B/-/E	2023-05-02 19:36:07	-
01 MARCH 2024	SYD	HNL	31500	25750	-/B/-/E	2023-05-02 19:36:29	-
02 MARCH 2024	SYD	HNL	31500	25750	-/B/-/E	2023-05-02 19:36:07	-
02 MARCH 2024	SYD	HNL	31500	25750	-/B/-/E	2023-05-02 19:36:29	-
03 MARCH 2024	SYD	HNL	31500	25750	-/-/-/E	2023-05-02 19:36:29	-
04 MARCH 2024	SYD	HNL	31500	25750	-/B/-/E	2023-05-02 19:36:29	-
05 MARCH 2024	SYD	HNL	31500	25750	-/-/-/E	2023-05-02 19:36:29	-
06 MARCH 2024	SYD	HNL	31500	25750	-/-/-/E	2023-05-02 19:36:29	-
07 MARCH 2024	SYD	HNL	31500	25750	-/-/-/E	2023-05-02 19:36:29	-
08 MARCH 2024	SYD	HNL	31500	25750	-/B/-/E	2023-05-02 19:36:29	-
09 MARCH 2024	SYD	HNL	31500	25750	-/B/-/E	2023-05-02 19:36:29	-
10 MARCH 2024	SYD	HNL	31500	25750	-/-/-/E	2023-05-02 19:36:29	-
11 MARCH 2024	SYD	HNL	31500	25750	-/B/-/E	2023-05-02 19:36:29	-
12 MARCH 2024	SYD	HNL	31500	25750	-/-/-/E	2023-05-02 19:36:30	-
13 MARCH 2024	SYD	HNL	31500	25750	-/-/-/E	2023-05-02 19:36:30	-
14 MARCH 2024	SYD	HNL	31500	25750	-/-/-/E	2023-05-02 19:36:30	-
15 MARCH 2024	SYD	HNL	31500	25750	-/B/-/E	2023-05-02 19:36:30	-
16 MARCH 2024	SYD	HNL	31500	25750	-/B/-/E	2023-05-02 19:36:30	-
17 MARCH 2024	SYD	HNL	31500	25750	-/-/-/E	2023-05-02 19:36:30	-
18 MARCH 2024	SYD	HNL	31500	25750	-/B/-/E	2023-05-02 19:36:30	-
19 MARCH 2024	SYD	HNL	31500	25750	-/-/-/E	2023-05-02 19:36:30	-
20 MARCH 2024	SYD	HNL	31500	25750	-/-/-/E	2023-05-02 19:36:30	-
21 MARCH 2024	SYD	HNL	31500	25750	-/-/-/E	2023-05-02 19:36:30	-
22 MARCH 2024	SYD	HNL	31500	25750	-/B/-/E	2023-05-02 19:36:30	-
24 MARCH 2024	SYD	HNL	31500	25750	-/-/-/E	2023-05-02 19:36:31	-
25 MARCH 2024	SYD	HNL	82000	0	-/B/-/-	2023-05-02 19:36:31	-
27 MARCH 2024	SYD	HNL	31500	25750	-/-/-/E	2023-05-02 19:36:31	-
29 MARCH 2024	SYD	HNL	82000	0	-/B/-/-	2023-05-02 19:36:31	-
07 APRIL 2024	SYD	HNL	31500	25750	-/-/-/E	2023-05-02 19:36:50	-
08 APRIL 2024	SYD	HNL	31500	25750	-/-/-/E	2023-05-02 19:36:50	-
22 APRIL 2024	SYD	HNL	31500	25750	-/-/-/E	2023-05-02 19:36:50	-
23 APRIL 2024	SYD	HNL	31500	25750	-/-/PE/E	2023-05-02 19:36:50	-
24 APRIL 2024	SYD	HNL	31500	25750	-/-/PE/E	2023-05-02 19:36:50	-
03 MAY 2023	SYD	DFW	51200	62500	-/-/-/E	2023-05-02 19:37:57	-
04 MAY 2023	SYD	DFW	51200	62500	-/-/-/E	2023-05-02 19:37:57	-
05 MAY 2023	SYD	DFW	51200	62500	-/-/-/E	2023-05-02 19:37:57	-
06 MAY 2023	SYD	DFW	51200	62500	-/-/-/E	2023-05-02 19:37:58	-
07 MAY 2023	SYD	DFW	51200	62500	-/-/-/E	2023-05-02 19:37:58	-
08 MAY 2023	SYD	DFW	51200	62500	-/-/-/E	2023-05-02 19:37:58	-
09 MAY 2023	SYD	DFW	51200	62500	-/-/-/E	2023-05-02 19:37:58	-
10 MAY 2023	SYD	DFW	51200	62500	-/-/-/E	2023-05-02 19:37:58	-
11 MAY 2023	SYD	DFW	51200	62500	-/-/-/E	2023-05-02 19:37:58	-
12 MAY 2023	SYD	DFW	51200	62500	-/-/-/E	2023-05-02 19:37:58	-
13 MAY 2023	SYD	DFW	51200	62500	-/-/-/E	2023-05-02 19:37:58	-
14 MAY 2023	SYD	DFW	51200	62500	-/-/-/E	2023-05-02 19:37:58	-
16 MAY 2023	SYD	DFW	51200	62500	-/-/-/E	2023-05-02 19:37:58	-
16 MAY 2023	SYD	DFW	51200	62500	-/-/-/E	2023-05-02 19:38:20	-
17 MAY 2023	SYD	DFW	51200	62500	-/-/-/E	2023-05-02 19:37:58	-
17 MAY 2023	SYD	DFW	51200	62500	-/-/-/E	2023-05-02 19:38:20	-
18 MAY 2023	SYD	DFW	51200	62500	-/-/PE/E	2023-05-02 19:38:21	-
19 MAY 2023	SYD	DFW	51200	62500	-/-/-/E	2023-05-02 19:38:21	-
20 MAY 2023	SYD	DFW	51200	62500	-/-/-/E	2023-05-02 19:38:21	-
21 MAY 2023	SYD	DFW	51200	62500	-/-/-/E	2023-05-02 19:38:21	-
22 MAY 2023	SYD	DFW	51200	62500	-/-/-/E	2023-05-02 19:38:21	-
23 MAY 2023	SYD	DFW	51200	62500	-/-/PE/E	2023-05-02 19:38:21	-
24 MAY 2023	SYD	DFW	51200	62500	-/-/-/E	2023-05-02 19:38:21	-
25 MAY 2023	SYD	DFW	51200	62500	-/-/-/E	2023-05-02 19:38:21	-
26 MAY 2023	SYD	DFW	51200	62500	-/-/-/E	2023-05-02 19:38:21	-
27 MAY 2023	SYD	DFW	51200	62500	-/-/-/E	2023-05-02 19:38:21	-
28 MAY 2023	SYD	DFW	51200	62500	-/-/-/E	2023-05-02 19:38:21	-
29 MAY 2023	SYD	DFW	51200	62500	-/-/-/E	2023-05-02 19:38:21	-
30 MAY 2023	SYD	DFW	51200	62500	-/-/-/E	2023-05-02 19:38:21	-
31 MAY 2023	SYD	DFW	51200	62500	-/-/-/E	2023-05-02 19:38:22	-
02 JUNE 2023	SYD	DFW	51200	62500	-/-/PE/E	2023-05-02 19:38:22	-
04 JUNE 2023	SYD	DFW	94900	103000	-/-/PE/-	2023-05-02 19:38:22	-
05 JUNE 2023	SYD	DFW	94900	103000	-/-/PE/-	2023-05-02 19:38:22	-
06 JUNE 2023	SYD	DFW	51200	62500	-/-/PE/E	2023-05-02 19:38:22	-
07 JUNE 2023	SYD	DFW	51200	62500	-/B/PE/E	2023-05-02 19:38:22	-
08 JUNE 2023	SYD	DFW	51200	62500	-/-/-/E	2023-05-02 19:38:22	-
09 JUNE 2023	SYD	DFW	51200	62500	-/-/-/E	2023-05-02 19:38:22	-
11 JUNE 2023	SYD	DFW	51200	62500	-/-/-/E	2023-05-02 19:38:22	-
05 JULY 2023	SYD	DFW	51200	62500	-/-/-/E	2023-05-02 19:38:46	-
07 JULY 2023	SYD	DFW	51200	62500	-/-/-/E	2023-05-02 19:38:46	-
09 JULY 2023	SYD	DFW	94900	103000	-/-/PE/-	2023-05-02 19:38:46	-
10 JULY 2023	SYD	DFW	94900	103000	-/-/PE/-	2023-05-02 19:38:46	-
11 JULY 2023	SYD	DFW	94900	103000	-/-/PE/-	2023-05-02 19:38:46	-
12 JULY 2023	SYD	DFW	51200	62500	-/-/PE/E	2023-05-02 19:38:46	-
13 JULY 2023	SYD	DFW	94900	103000	-/-/PE/-	2023-05-02 19:38:46	-
13 JULY 2023	SYD	DFW	51200	62500	-/-/PE/E	2023-05-02 19:39:09	-
14 JULY 2023	SYD	DFW	51200	62500	-/-/PE/E	2023-05-02 19:38:46	-
14 JULY 2023	SYD	DFW	51200	62500	-/-/PE/E	2023-05-02 19:39:09	-
17 JULY 2023	SYD	DFW	126500	0	-/B/-/-	2023-05-02 19:39:09	-
18 JULY 2023	SYD	DFW	51200	62500	-/-/PE/E	2023-05-02 19:39:09	-
19 JULY 2023	SYD	DFW	51200	62500	-/-/-/E	2023-05-02 19:39:09	-
20 JULY 2023	SYD	DFW	51200	62500	-/-/PE/E	2023-05-02 19:39:09	-
21 JULY 2023	SYD	DFW	51200	62500	-/-/PE/E	2023-05-02 19:39:09	-
24 JULY 2023	SYD	DFW	94900	103000	-/-/PE/-	2023-05-02 19:39:09	-
25 JULY 2023	SYD	DFW	51200	62500	-/-/-/E	2023-05-02 19:39:09	-
26 JULY 2023	SYD	DFW	51200	62500	-/-/PE/E	2023-05-02 19:39:09	-
27 JULY 2023	SYD	DFW	51200	62500	-/-/-/E	2023-05-02 19:39:10	-
30 JULY 2023	SYD	DFW	51200	62500	-/-/-/E	2023-05-02 19:39:10	-
01 AUGUST 2023	SYD	DFW	51200	62500	-/-/PE/E	2023-05-02 19:39:10	-
03 AUGUST 2023	SYD	DFW	51200	62500	-/-/PE/E	2023-05-02 19:39:10	-
04 AUGUST 2023	SYD	DFW	51200	62500	-/-/-/E	2023-05-02 19:39:10	-
06 AUGUST 2023	SYD	DFW	94900	103000	-/-/PE/-	2023-05-02 19:39:10	-
07 AUGUST 2023	SYD	DFW	94900	103000	-/-/PE/-	2023-05-02 19:39:10	-
08 AUGUST 2023	SYD	DFW	51200	62500	-/-/-/E	2023-05-02 19:39:10	-
09 AUGUST 2023	SYD	DFW	51200	62500	-/-/-/E	2023-05-02 19:39:10	-
10 AUGUST 2023	SYD	DFW	51200	62500	-/-/PE/E	2023-05-02 19:39:10	-
11 AUGUST 2023	SYD	DFW	51200	62500	-/-/PE/E	2023-05-02 19:39:10	-
11 AUGUST 2023	SYD	DFW	51200	62500	-/-/PE/E	2023-05-02 19:39:32	-
12 AUGUST 2023	SYD	DFW	51200	62500	-/-/-/E	2023-05-02 19:39:10	-
12 AUGUST 2023	SYD	DFW	51200	62500	-/-/-/E	2023-05-02 19:39:33	-
15 AUGUST 2023	SYD	DFW	51200	62500	-/-/-/E	2023-05-02 19:39:33	-
16 AUGUST 2023	SYD	DFW	51200	62500	-/-/-/E	2023-05-02 19:39:33	-
17 AUGUST 2023	SYD	DFW	51200	62500	-/-/-/E	2023-05-02 19:39:33	-
18 AUGUST 2023	SYD	DFW	51200	62500	-/-/PE/E	2023-05-02 19:39:33	-
19 AUGUST 2023	SYD	DFW	51200	62500	-/-/PE/E	2023-05-02 19:39:33	-
20 AUGUST 2023	SYD	DFW	94900	103000	-/-/PE/-	2023-05-02 19:39:33	-
23 AUGUST 2023	SYD	DFW	51200	62500	-/-/PE/E	2023-05-02 19:39:33	-
24 AUGUST 2023	SYD	DFW	51200	62500	-/-/-/E	2023-05-02 19:39:33	-
25 AUGUST 2023	SYD	DFW	51200	62500	-/-/-/E	2023-05-02 19:39:34	-
26 AUGUST 2023	SYD	DFW	51200	62500	-/-/-/E	2023-05-02 19:39:34	-
27 AUGUST 2023	SYD	DFW	51200	62500	-/-/-/E	2023-05-02 19:39:34	-
28 AUGUST 2023	SYD	DFW	51200	62500	-/-/PE/E	2023-05-02 19:39:34	-
29 AUGUST 2023	SYD	DFW	51200	62500	-/-/PE/E	2023-05-02 19:39:34	-
30 AUGUST 2023	SYD	DFW	51200	62500	-/-/PE/E	2023-05-02 19:39:34	-
31 AUGUST 2023	SYD	DFW	51200	62500	-/-/PE/E	2023-05-02 19:39:34	-
05 SEPTEMBER 2023	SYD	DFW	51200	62500	-/-/-/E	2023-05-02 19:39:34	-
06 SEPTEMBER 2023	SYD	DFW	51200	62500	-/-/-/E	2023-05-02 19:39:34	-
07 SEPTEMBER 2023	SYD	DFW	51200	62500	-/-/-/E	2023-05-02 19:39:34	-
08 SEPTEMBER 2023	SYD	DFW	51200	62500	-/-/-/E	2023-05-02 19:39:34	-
09 SEPTEMBER 2023	SYD	DFW	51200	62500	-/-/-/E	2023-05-02 19:39:34	-
17 SEPTEMBER 2023	SYD	DFW	51200	62500	-/-/-/E	2023-05-02 19:39:58	-
19 SEPTEMBER 2023	SYD	DFW	51200	62500	-/-/-/E	2023-05-02 19:39:58	-
26 SEPTEMBER 2023	SYD	DFW	51200	62500	-/-/-/E	2023-05-02 19:39:58	-
27 SEPTEMBER 2023	SYD	DFW	51200	62500	-/-/-/E	2023-05-02 19:39:59	-
28 SEPTEMBER 2023	SYD	DFW	51200	62500	-/-/-/E	2023-05-02 19:39:59	-
03 OCTOBER 2023	SYD	DFW	51200	62500	-/-/-/E	2023-05-02 19:39:59	-
04 OCTOBER 2023	SYD	DFW	51200	62500	-/-/-/E	2023-05-02 19:39:59	-
05 OCTOBER 2023	SYD	DFW	51200	62500	-/-/PE/E	2023-05-02 19:39:59	-
06 OCTOBER 2023	SYD	DFW	51200	62500	-/-/PE/E	2023-05-02 19:39:59	-
07 OCTOBER 2023	SYD	DFW	51200	62500	-/-/-/E	2023-05-02 19:39:59	-
08 OCTOBER 2023	SYD	DFW	51200	62500	-/-/-/E	2023-05-02 19:39:59	-
08 OCTOBER 2023	SYD	DFW	51200	62500	-/-/-/E	2023-05-02 19:40:20	-
09 OCTOBER 2023	SYD	DFW	51200	62500	-/-/-/E	2023-05-02 19:40:00	-
09 OCTOBER 2023	SYD	DFW	51200	62500	-/-/-/E	2023-05-02 19:40:21	-
10 OCTOBER 2023	SYD	DFW	51200	62500	-/-/PE/E	2023-05-02 19:40:21	-
11 OCTOBER 2023	SYD	DFW	51200	62500	-/-/-/E	2023-05-02 19:40:21	-
12 OCTOBER 2023	SYD	DFW	51200	62500	-/-/PE/E	2023-05-02 19:40:21	-
13 OCTOBER 2023	SYD	DFW	51200	62500	-/-/-/E	2023-05-02 19:40:21	-
14 OCTOBER 2023	SYD	DFW	51200	62500	-/-/-/E	2023-05-02 19:40:21	-
17 OCTOBER 2023	SYD	DFW	51200	62500	-/-/-/E	2023-05-02 19:40:21	-
18 OCTOBER 2023	SYD	DFW	51200	62500	-/-/-/E	2023-05-02 19:40:22	-
19 OCTOBER 2023	SYD	DFW	51200	62500	-/-/-/E	2023-05-02 19:40:22	-
20 OCTOBER 2023	SYD	DFW	51200	62500	-/-/-/E	2023-05-02 19:40:22	-
21 OCTOBER 2023	SYD	DFW	51200	62500	-/-/-/E	2023-05-02 19:40:22	-
22 OCTOBER 2023	SYD	DFW	51200	62500	-/-/-/E	2023-05-02 19:40:22	-
23 OCTOBER 2023	SYD	DFW	51200	62500	-/-/-/E	2023-05-02 19:42:46	-
24 OCTOBER 2023	SYD	DFW	51200	62500	-/-/PE/E	2023-05-02 19:42:46	-
25 OCTOBER 2023	SYD	DFW	51200	62500	-/-/PE/E	2023-05-02 19:42:46	-
26 OCTOBER 2023	SYD	DFW	51200	62500	-/-/PE/E	2023-05-02 19:42:46	-
27 OCTOBER 2023	SYD	DFW	51200	62500	-/-/-/E	2023-05-02 19:42:46	-
29 OCTOBER 2023	SYD	DFW	51200	62500	-/-/-/E	2023-05-02 19:42:46	-
30 OCTOBER 2023	SYD	DFW	51200	62500	-/-/-/E	2023-05-02 19:42:46	-
31 OCTOBER 2023	SYD	DFW	51200	62500	-/-/-/E	2023-05-02 19:42:46	-
01 NOVEMBER 2023	SYD	DFW	51200	62500	-/-/PE/E	2023-05-02 19:42:46	-
02 NOVEMBER 2023	SYD	DFW	51200	62500	-/-/-/E	2023-05-02 19:42:47	-
03 NOVEMBER 2023	SYD	DFW	51200	62500	-/-/PE/E	2023-05-02 19:42:47	-
04 NOVEMBER 2023	SYD	DFW	51200	62500	-/-/-/E	2023-05-02 19:42:47	-
05 NOVEMBER 2023	SYD	DFW	51200	62500	-/-/-/E	2023-05-02 19:42:47	-
06 NOVEMBER 2023	SYD	DFW	51200	62500	-/-/-/E	2023-05-02 19:42:47	-
07 NOVEMBER 2023	SYD	DFW	51200	62500	-/-/-/E	2023-05-02 19:42:47	-
08 NOVEMBER 2023	SYD	DFW	51200	62500	-/-/-/E	2023-05-02 19:42:47	-
09 NOVEMBER 2023	SYD	DFW	51200	62500	-/-/-/E	2023-05-02 19:42:47	-
10 NOVEMBER 2023	SYD	DFW	51200	62500	-/-/PE/E	2023-05-02 19:42:47	-
11 NOVEMBER 2023	SYD	DFW	51200	62500	-/-/-/E	2023-05-02 19:42:47	-
12 NOVEMBER 2023	SYD	DFW	51200	62500	-/-/-/E	2023-05-02 19:42:47	-
13 NOVEMBER 2023	SYD	DFW	51200	62500	-/-/-/E	2023-05-02 19:42:47	-
14 NOVEMBER 2023	SYD	DFW	51200	62500	-/-/PE/E	2023-05-02 19:42:48	-
15 NOVEMBER 2023	SYD	DFW	51200	62500	-/-/PE/E	2023-05-02 19:42:48	-
16 NOVEMBER 2023	SYD	DFW	51200	62500	-/-/-/E	2023-05-02 19:42:48	-
17 NOVEMBER 2023	SYD	DFW	51200	62500	-/-/-/E	2023-05-02 19:42:48	-
20 NOVEMBER 2023	SYD	DFW	51200	62500	-/-/-/E	2023-05-02 19:42:48	-
23 NOVEMBER 2023	SYD	DFW	51200	62500	-/-/-/E	2023-05-02 19:43:03	-
29 NOVEMBER 2023	SYD	DFW	51200	62500	-/-/-/E	2023-05-02 19:43:03	-
16 JANUARY 2024	SYD	DFW	51200	62500	-/-/-/E	2023-05-02 19:43:18	-
17 JANUARY 2024	SYD	DFW	51200	62500	-/-/-/E	2023-05-02 19:43:18	-
18 JANUARY 2024	SYD	DFW	51200	62500	-/-/-/E	2023-05-02 19:43:18	-
18 JANUARY 2024	SYD	DFW	51200	62500	-/-/-/E	2023-05-02 19:43:36	-
19 JANUARY 2024	SYD	DFW	51200	62500	-/-/-/E	2023-05-02 19:43:19	-
19 JANUARY 2024	SYD	DFW	51200	62500	-/-/-/E	2023-05-02 19:43:36	-
20 JANUARY 2024	SYD	DFW	51200	62500	-/-/-/E	2023-05-02 19:43:36	-
21 JANUARY 2024	SYD	DFW	51200	62500	-/-/-/E	2023-05-02 19:43:36	-
22 JANUARY 2024	SYD	DFW	51200	62500	-/-/-/E	2023-05-02 19:43:36	-
23 JANUARY 2024	SYD	DFW	51200	62500	-/-/-/E	2023-05-02 19:43:36	-
24 JANUARY 2024	SYD	DFW	51200	62500	-/-/-/E	2023-05-02 19:43:36	-
25 JANUARY 2024	SYD	DFW	51200	62500	-/-/-/E	2023-05-02 19:43:36	-
26 JANUARY 2024	SYD	DFW	51200	62500	-/-/-/E	2023-05-02 19:43:36	-
27 JANUARY 2024	SYD	DFW	51200	62500	-/-/-/E	2023-05-02 19:43:37	-
28 JANUARY 2024	SYD	DFW	51200	62500	-/-/-/E	2023-05-02 19:43:37	-
29 JANUARY 2024	SYD	DFW	51200	62500	-/-/-/E	2023-05-02 19:43:37	-
30 JANUARY 2024	SYD	DFW	51200	62500	-/-/-/E	2023-05-02 19:43:37	-
31 JANUARY 2024	SYD	DFW	51200	62500	-/-/-/E	2023-05-02 19:43:37	-
01 FEBRUARY 2024	SYD	DFW	51200	62500	-/-/-/E	2023-05-02 19:43:37	-
02 FEBRUARY 2024	SYD	DFW	51200	62500	-/-/-/E	2023-05-02 19:43:37	-
03 FEBRUARY 2024	SYD	DFW	51200	62500	-/-/-/E	2023-05-02 19:43:37	-
04 FEBRUARY 2024	SYD	DFW	51200	62500	-/-/-/E	2023-05-02 19:43:37	-
05 FEBRUARY 2024	SYD	DFW	51200	62500	-/-/-/E	2023-05-02 19:43:37	-
06 FEBRUARY 2024	SYD	DFW	51200	62500	-/-/-/E	2023-05-02 19:43:37	-
07 FEBRUARY 2024	SYD	DFW	51200	62500	-/-/-/E	2023-05-02 19:43:37	-
08 FEBRUARY 2024	SYD	DFW	51200	62500	-/-/-/E	2023-05-02 19:43:38	-
09 FEBRUARY 2024	SYD	DFW	51200	62500	-/-/-/E	2023-05-02 19:43:38	-
10 FEBRUARY 2024	SYD	DFW	51200	62500	-/-/-/E	2023-05-02 19:43:38	-
11 FEBRUARY 2024	SYD	DFW	51200	62500	-/-/-/E	2023-05-02 19:43:38	-
12 FEBRUARY 2024	SYD	DFW	51200	62500	-/-/-/E	2023-05-02 19:43:38	-
13 FEBRUARY 2024	SYD	DFW	51200	62500	-/-/-/E	2023-05-02 19:43:38	-
14 FEBRUARY 2024	SYD	DFW	51200	62500	-/-/-/E	2023-05-02 19:43:38	-
15 FEBRUARY 2024	SYD	DFW	51200	62500	-/-/-/E	2023-05-02 19:43:38	-
16 FEBRUARY 2024	SYD	DFW	51200	62500	-/-/-/E	2023-05-02 19:43:38	-
16 FEBRUARY 2024	SYD	DFW	51200	62500	-/-/-/E	2023-05-02 19:43:54	-
17 FEBRUARY 2024	SYD	DFW	51200	62500	-/-/-/E	2023-05-02 19:43:38	-
17 FEBRUARY 2024	SYD	DFW	51200	62500	-/-/-/E	2023-05-02 19:43:54	-
18 FEBRUARY 2024	SYD	DFW	51200	62500	-/-/-/E	2023-05-02 19:43:54	-
19 FEBRUARY 2024	SYD	DFW	51200	62500	-/-/-/E	2023-05-02 19:43:54	-
20 FEBRUARY 2024	SYD	DFW	51200	62500	-/-/-/E	2023-05-02 19:43:54	-
21 FEBRUARY 2024	SYD	DFW	51200	62500	-/-/-/E	2023-05-02 19:43:54	-
22 FEBRUARY 2024	SYD	DFW	51200	62500	-/-/-/E	2023-05-02 19:43:54	-
23 FEBRUARY 2024	SYD	DFW	51200	62500	-/-/-/E	2023-05-02 19:43:54	-
24 FEBRUARY 2024	SYD	DFW	51200	62500	-/-/-/E	2023-05-02 19:43:55	-
25 FEBRUARY 2024	SYD	DFW	51200	62500	-/-/-/E	2023-05-02 19:43:55	-
26 FEBRUARY 2024	SYD	DFW	51200	62500	-/-/-/E	2023-05-02 19:43:55	-
27 FEBRUARY 2024	SYD	DFW	51200	62500	-/-/-/E	2023-05-02 19:43:55	-
28 FEBRUARY 2024	SYD	DFW	51200	62500	-/-/-/E	2023-05-02 19:43:55	-
29 FEBRUARY 2024	SYD	DFW	51200	62500	-/-/-/E	2023-05-02 19:43:55	-
01 MARCH 2024	SYD	DFW	51200	62500	-/-/-/E	2023-05-02 19:43:55	-
03 MARCH 2024	SYD	DFW	51200	62500	-/-/-/E	2023-05-02 19:43:55	-
04 MARCH 2024	SYD	DFW	51200	62500	-/-/-/E	2023-05-02 19:43:55	-
05 MARCH 2024	SYD	DFW	51200	62500	-/-/-/E	2023-05-02 19:43:55	-
06 MARCH 2024	SYD	DFW	51200	62500	-/-/-/E	2023-05-02 19:43:55	-
07 MARCH 2024	SYD	DFW	51200	62500	-/-/-/E	2023-05-02 19:43:56	-
08 MARCH 2024	SYD	DFW	51200	62500	-/-/-/E	2023-05-02 19:43:56	-
10 MARCH 2024	SYD	DFW	51200	62500	-/-/-/E	2023-05-02 19:43:56	-
11 MARCH 2024	SYD	DFW	51200	62500	-/-/-/E	2023-05-02 19:43:56	-
12 MARCH 2024	SYD	DFW	51200	62500	-/-/-/E	2023-05-02 19:43:56	-
13 MARCH 2024	SYD	DFW	51200	62500	-/-/-/E	2023-05-02 19:43:56	-
14 MARCH 2024	SYD	DFW	51200	62500	-/-/-/E	2023-05-02 19:43:56	-
15 MARCH 2024	SYD	DFW	51200	62500	-/-/-/E	2023-05-02 19:43:56	-
19 MARCH 2024	SYD	DFW	51200	62500	-/-/-/E	2023-05-02 19:44:09	-
20 MARCH 2024	SYD	DFW	51200	62500	-/-/-/E	2023-05-02 19:44:09	-
21 MARCH 2024	SYD	DFW	51200	62500	-/-/-/E	2023-05-02 19:44:09	-
22 MARCH 2024	SYD	DFW	51200	62500	-/-/-/E	2023-05-02 19:44:09	-
03 MAY 2023	SYD	SIN	25200	31750	-/-/PE/E	2023-05-02 19:46:12	-
04 MAY 2023	SYD	SIN	25200	31750	-/-/PE/E	2023-05-02 19:46:12	-
06 MAY 2023	SYD	SIN	25200	31750	-/-/-/E	2023-05-02 19:46:12	-
07 MAY 2023	SYD	SIN	25200	31750	-/-/-/E	2023-05-02 19:46:12	-
08 MAY 2023	SYD	SIN	25200	31750	-/-/-/E	2023-05-02 19:46:12	-
09 MAY 2023	SYD	SIN	25200	31750	-/-/-/E	2023-05-02 19:46:13	-
10 MAY 2023	SYD	SIN	25200	31750	-/-/PE/E	2023-05-02 19:46:13	-
11 MAY 2023	SYD	SIN	25200	31750	-/-/-/E	2023-05-02 19:46:13	-
12 MAY 2023	SYD	SIN	25200	31750	-/B/-/E	2023-05-02 19:46:13	-
13 MAY 2023	SYD	SIN	25200	31750	-/-/-/E	2023-05-02 19:46:13	-
14 MAY 2023	SYD	SIN	25200	31750	-/-/-/E	2023-05-02 19:46:13	-
15 MAY 2023	SYD	SIN	25200	31750	-/-/-/E	2023-05-02 19:46:13	-
16 MAY 2023	SYD	SIN	25200	31750	-/-/-/E	2023-05-02 19:46:13	-
17 MAY 2023	SYD	SIN	25200	31750	-/-/PE/E	2023-05-02 19:46:13	-
18 MAY 2023	SYD	SIN	25200	31750	-/-/-/E	2023-05-02 19:11:24	-
19 MAY 2023	SYD	SIN	25200	31750	-/-/-/E	2023-05-02 19:11:25	-
20 MAY 2023	SYD	SIN	25200	31750	-/-/-/E	2023-05-02 19:11:25	-
21 MAY 2023	SYD	SIN	25200	31750	-/-/-/E	2023-05-02 19:11:25	-
22 MAY 2023	SYD	SIN	25200	31750	-/-/-/E	2023-05-02 19:11:25	-
23 MAY 2023	SYD	SIN	25200	31750	-/-/-/E	2023-05-02 19:11:25	-
24 MAY 2023	SYD	SIN	25200	31750	-/-/-/E	2023-05-02 19:11:25	-
25 MAY 2023	SYD	SIN	25200	31750	-/B/-/E	2023-05-02 19:11:25	-
26 MAY 2023	SYD	SIN	25200	31750	-/B/-/E	2023-05-02 19:11:25	-
27 MAY 2023	SYD	SIN	25200	31750	-/-/-/E	2023-05-02 19:11:25	-
28 MAY 2023	SYD	SIN	25200	31750	-/-/-/E	2023-05-02 19:11:25	-
29 MAY 2023	SYD	SIN	25200	31750	-/-/-/E	2023-05-02 19:11:26	-
30 MAY 2023	SYD	SIN	25200	31750	-/-/-/E	2023-05-02 19:11:26	-
31 MAY 2023	SYD	SIN	51300	60000	-/-/PE/-	2023-05-02 19:11:26	-
02 JUNE 2023	SYD	SIN	25200	31750	-/-/-/E	2023-05-02 19:11:26	-
03 JUNE 2023	SYD	SIN	25200	31750	-/-/-/E	2023-05-02 19:11:26	-
04 JUNE 2023	SYD	SIN	25200	31750	-/-/-/E	2023-05-02 19:11:26	-
05 JUNE 2023	SYD	SIN	25200	31750	-/-/PE/E	2023-05-02 19:11:26	-
06 JUNE 2023	SYD	SIN	25200	31750	-/-/-/E	2023-05-02 19:11:26	-
09 JUNE 2023	SYD	SIN	25200	31750	-/-/-/E	2023-05-02 19:11:26	-
08 JULY 2023	SYD	SIN	25200	31750	-/-/-/E	2023-05-02 19:11:45	-
11 JULY 2023	SYD	SIN	25200	31750	-/-/-/E	2023-05-02 19:11:45	-
12 JULY 2023	SYD	SIN	25200	31750	-/-/-/E	2023-05-02 19:11:45	-
13 JULY 2023	SYD	SIN	25200	31750	-/-/-/E	2023-05-02 19:11:45	-
13 JULY 2023	SYD	SIN	25200	31750	-/-/-/E	2023-05-02 19:12:07	-
14 JULY 2023	SYD	SIN	25200	31750	-/-/-/E	2023-05-02 19:11:45	-
14 JULY 2023	SYD	SIN	25200	31750	-/-/-/E	2023-05-02 19:12:07	-
16 JULY 2023	SYD	SIN	25200	31750	-/-/-/E	2023-05-02 19:12:07	-
17 JULY 2023	SYD	SIN	25200	31750	-/-/-/E	2023-05-02 19:12:07	-
18 JULY 2023	SYD	SIN	25200	31750	-/-/-/E	2023-05-02 19:12:07	-
19 JULY 2023	SYD	SIN	25200	31750	-/-/-/E	2023-05-02 19:12:07	-
20 JULY 2023	SYD	SIN	25200	31750	-/-/-/E	2023-05-02 19:12:07	-
21 JULY 2023	SYD	SIN	25200	31750	-/-/-/E	2023-05-02 19:12:07	-
22 JULY 2023	SYD	SIN	25200	31750	-/-/-/E	2023-05-02 19:12:07	-
23 JULY 2023	SYD	SIN	25200	31750	-/-/-/E	2023-05-02 19:12:07	-
24 JULY 2023	SYD	SIN	25200	31750	-/-/-/E	2023-05-02 19:12:08	-
25 JULY 2023	SYD	SIN	25200	31750	-/-/-/E	2023-05-02 19:12:08	-
26 JULY 2023	SYD	SIN	25200	31750	-/-/-/E	2023-05-02 19:12:08	-
27 JULY 2023	SYD	SIN	25200	31750	-/-/-/E	2023-05-02 19:12:08	-
28 JULY 2023	SYD	SIN	25200	31750	-/-/-/E	2023-05-02 19:12:08	-
29 JULY 2023	SYD	SIN	25200	31750	-/-/-/E	2023-05-02 19:12:08	-
30 JULY 2023	SYD	SIN	25200	31750	-/-/-/E	2023-05-02 19:12:08	-
31 JULY 2023	SYD	SIN	25200	31750	-/-/-/E	2023-05-02 19:12:08	-
01 AUGUST 2023	SYD	SIN	25200	31750	-/-/-/E	2023-05-02 19:12:08	-
02 AUGUST 2023	SYD	SIN	25200	31750	-/-/-/E	2023-05-02 19:12:08	-
03 AUGUST 2023	SYD	SIN	25200	31750	-/-/-/E	2023-05-02 19:12:08	-
04 AUGUST 2023	SYD	SIN	25200	31750	-/-/-/E	2023-05-02 19:12:09	-
05 AUGUST 2023	SYD	SIN	25200	31750	-/B/-/E	2023-05-02 19:12:09	-
06 AUGUST 2023	SYD	SIN	25200	31750	-/-/-/E	2023-05-02 19:12:09	-
07 AUGUST 2023	SYD	SIN	25200	31750	-/-/-/E	2023-05-02 19:12:09	-
08 AUGUST 2023	SYD	SIN	25200	31750	-/-/-/E	2023-05-02 19:12:09	-
09 AUGUST 2023	SYD	SIN	25200	31750	-/-/-/E	2023-05-02 19:12:09	-
10 AUGUST 2023	SYD	SIN	25200	31750	-/-/-/E	2023-05-02 19:12:09	-
11 AUGUST 2023	SYD	SIN	25200	31750	-/-/-/E	2023-05-02 19:12:09	-
11 AUGUST 2023	SYD	SIN	25200	31750	-/-/-/E	2023-05-02 19:12:29	-
12 AUGUST 2023	SYD	SIN	25200	31750	-/-/-/E	2023-05-02 19:12:09	-
12 AUGUST 2023	SYD	SIN	25200	31750	-/-/-/E	2023-05-02 19:12:29	-
13 AUGUST 2023	SYD	SIN	25200	31750	-/-/-/E	2023-05-02 19:12:29	-
14 AUGUST 2023	SYD	SIN	25200	31750	-/-/-/E	2023-05-02 19:12:29	-
15 AUGUST 2023	SYD	SIN	25200	31750	-/-/-/E	2023-05-02 19:12:29	-
16 AUGUST 2023	SYD	SIN	25200	31750	-/-/-/E	2023-05-02 19:12:29	-
17 AUGUST 2023	SYD	SIN	25200	31750	-/-/-/E	2023-05-02 19:12:30	-
18 AUGUST 2023	SYD	SIN	25200	31750	-/-/-/E	2023-05-02 19:12:30	-
19 AUGUST 2023	SYD	SIN	25200	31750	-/-/-/E	2023-05-02 19:12:30	-
20 AUGUST 2023	SYD	SIN	25200	31750	-/-/-/E	2023-05-02 19:12:30	-
21 AUGUST 2023	SYD	SIN	25200	31750	-/-/-/E	2023-05-02 19:12:30	-
22 AUGUST 2023	SYD	SIN	25200	31750	-/-/-/E	2023-05-02 19:12:30	-
23 AUGUST 2023	SYD	SIN	25200	31750	-/-/-/E	2023-05-02 19:12:30	-
24 AUGUST 2023	SYD	SIN	25200	31750	-/-/-/E	2023-05-02 19:12:30	-
25 AUGUST 2023	SYD	SIN	25200	31750	-/-/-/E	2023-05-02 19:12:30	-
26 AUGUST 2023	SYD	SIN	25200	31750	-/-/-/E	2023-05-02 19:12:30	-
27 AUGUST 2023	SYD	SIN	25200	31750	-/-/-/E	2023-05-02 19:12:31	-
28 AUGUST 2023	SYD	SIN	25200	31750	-/-/-/E	2023-05-02 19:12:31	-
29 AUGUST 2023	SYD	SIN	25200	31750	-/-/PE/E	2023-05-02 19:12:31	-
30 AUGUST 2023	SYD	SIN	25200	31750	-/-/-/E	2023-05-02 19:12:31	-
31 AUGUST 2023	SYD	SIN	25200	31750	-/-/PE/E	2023-05-02 19:12:31	-
01 SEPTEMBER 2023	SYD	SIN	25200	31750	-/-/PE/E	2023-05-02 19:12:31	-
03 SEPTEMBER 2023	SYD	SIN	25200	31750	-/-/-/E	2023-05-02 19:12:31	-
04 SEPTEMBER 2023	SYD	SIN	25200	31750	-/-/PE/E	2023-05-02 19:12:31	-
05 SEPTEMBER 2023	SYD	SIN	25200	31750	-/-/PE/E	2023-05-02 19:12:31	-
06 SEPTEMBER 2023	SYD	SIN	25200	31750	-/-/PE/E	2023-05-02 19:12:31	-
07 SEPTEMBER 2023	SYD	SIN	25200	31750	-/-/PE/E	2023-05-02 19:12:31	-
08 SEPTEMBER 2023	SYD	SIN	25200	31750	-/-/PE/E	2023-05-02 19:12:32	-
10 SEPTEMBER 2023	SYD	SIN	25200	31750	-/-/-/E	2023-05-02 19:12:32	-
10 SEPTEMBER 2023	SYD	SIN	25200	31750	-/-/-/E	2023-05-02 19:12:54	-
11 SEPTEMBER 2023	SYD	SIN	25200	31750	-/-/-/E	2023-05-02 19:12:54	-
12 SEPTEMBER 2023	SYD	SIN	25200	31750	-/-/-/E	2023-05-02 19:12:54	-
14 SEPTEMBER 2023	SYD	SIN	25200	31750	-/-/-/E	2023-05-02 19:12:54	-
15 SEPTEMBER 2023	SYD	SIN	25200	31750	-/-/-/E	2023-05-02 19:12:54	-
18 SEPTEMBER 2023	SYD	SIN	25200	31750	-/-/-/E	2023-05-02 19:12:54	-
19 SEPTEMBER 2023	SYD	SIN	25200	31750	-/-/-/E	2023-05-02 19:12:55	-
20 SEPTEMBER 2023	SYD	SIN	25200	31750	-/-/-/E	2023-05-02 19:12:55	-
21 SEPTEMBER 2023	SYD	SIN	25200	31750	-/-/-/E	2023-05-02 19:12:55	-
22 SEPTEMBER 2023	SYD	SIN	25200	31750	-/-/-/E	2023-05-02 19:12:55	-
24 SEPTEMBER 2023	SYD	SIN	25200	31750	-/B/-/E	2023-05-02 19:12:55	-
25 SEPTEMBER 2023	SYD	SIN	25200	31750	-/-/-/E	2023-05-02 19:12:55	-
26 SEPTEMBER 2023	SYD	SIN	25200	31750	-/-/-/E	2023-05-02 19:12:55	-
27 SEPTEMBER 2023	SYD	SIN	25200	31750	-/-/-/E	2023-05-02 19:12:55	-
28 SEPTEMBER 2023	SYD	SIN	25200	31750	-/-/-/E	2023-05-02 19:12:55	-
29 SEPTEMBER 2023	SYD	SIN	25200	31750	-/-/-/E	2023-05-02 19:12:55	-
30 SEPTEMBER 2023	SYD	SIN	25200	31750	-/-/-/E	2023-05-02 19:12:56	-
01 OCTOBER 2023	SYD	SIN	25200	31750	-/-/-/E	2023-05-02 19:12:56	-
02 OCTOBER 2023	SYD	SIN	25200	31750	-/-/-/E	2023-05-02 19:12:56	-
03 OCTOBER 2023	SYD	SIN	25200	31750	-/-/PE/E	2023-05-02 19:12:56	-
04 OCTOBER 2023	SYD	SIN	25200	31750	-/B/-/E	2023-05-02 19:12:56	-
05 OCTOBER 2023	SYD	SIN	25200	31750	-/B/-/E	2023-05-02 19:12:56	-
06 OCTOBER 2023	SYD	SIN	25200	31750	-/B/-/E	2023-05-02 19:12:56	-
07 OCTOBER 2023	SYD	SIN	25200	31750	-/B/-/E	2023-05-02 19:12:56	-
08 OCTOBER 2023	SYD	SIN	25200	31750	-/-/-/E	2023-05-02 19:12:56	-
08 OCTOBER 2023	SYD	SIN	25200	31750	-/-/-/E	2023-05-02 19:13:16	-
09 OCTOBER 2023	SYD	SIN	25200	31750	-/-/-/E	2023-05-02 19:12:56	-
09 OCTOBER 2023	SYD	SIN	25200	31750	-/-/-/E	2023-05-02 19:13:16	-
10 OCTOBER 2023	SYD	SIN	25200	31750	-/-/PE/E	2023-05-02 19:13:16	-
11 OCTOBER 2023	SYD	SIN	25200	31750	-/B/PE/E	2023-05-02 19:13:17	-
12 OCTOBER 2023	SYD	SIN	25200	31750	-/B/-/E	2023-05-02 19:13:17	-
13 OCTOBER 2023	SYD	SIN	25200	31750	-/B/-/E	2023-05-02 19:13:17	-
14 OCTOBER 2023	SYD	SIN	25200	31750	-/B/PE/E	2023-05-02 19:13:17	-
15 OCTOBER 2023	SYD	SIN	25200	31750	-/B/-/E	2023-05-02 19:13:17	-
16 OCTOBER 2023	SYD	SIN	25200	31750	-/-/PE/E	2023-05-02 19:13:17	-
17 OCTOBER 2023	SYD	SIN	25200	31750	-/-/PE/E	2023-05-02 19:13:17	-
18 OCTOBER 2023	SYD	SIN	25200	31750	-/B/PE/E	2023-05-02 19:13:17	-
19 OCTOBER 2023	SYD	SIN	25200	31750	-/B/-/E	2023-05-02 19:13:17	-
20 OCTOBER 2023	SYD	SIN	25200	31750	-/B/-/E	2023-05-02 19:13:17	-
21 OCTOBER 2023	SYD	SIN	25200	31750	-/B/-/E	2023-05-02 19:13:18	-
22 OCTOBER 2023	SYD	SIN	25200	31750	-/B/-/E	2023-05-02 19:13:18	-
23 OCTOBER 2023	SYD	SIN	25200	31750	-/B/PE/E	2023-05-02 19:15:44	-
24 OCTOBER 2023	SYD	SIN	25200	31750	-/-/PE/E	2023-05-02 19:15:44	-
25 OCTOBER 2023	SYD	SIN	25200	31750	-/B/PE/E	2023-05-02 19:15:45	-
26 OCTOBER 2023	SYD	SIN	25200	31750	-/B/-/E	2023-05-02 19:15:45	-
27 OCTOBER 2023	SYD	SIN	25200	31750	-/B/-/E	2023-05-02 19:15:45	-
28 OCTOBER 2023	SYD	SIN	25200	31750	-/B/PE/E	2023-05-02 19:15:45	-
29 OCTOBER 2023	SYD	SIN	25200	31750	-/B/PE/E	2023-05-02 19:15:45	-
30 OCTOBER 2023	SYD	SIN	25200	31750	-/B/PE/E	2023-05-02 19:15:45	-
31 OCTOBER 2023	SYD	SIN	25200	31750	-/B/PE/E	2023-05-02 19:15:45	-
01 NOVEMBER 2023	SYD	SIN	25200	31750	-/-/PE/E	2023-05-02 19:15:45	-
02 NOVEMBER 2023	SYD	SIN	25200	31750	-/-/-/E	2023-05-02 19:15:45	-
03 NOVEMBER 2023	SYD	SIN	25200	31750	-/-/-/E	2023-05-02 19:15:45	-
04 NOVEMBER 2023	SYD	SIN	25200	31750	-/-/-/E	2023-05-02 19:15:46	-
05 NOVEMBER 2023	SYD	SIN	25200	31750	-/B/-/E	2023-05-02 19:15:46	-
06 NOVEMBER 2023	SYD	SIN	25200	31750	-/B/PE/E	2023-05-02 19:15:46	-
07 NOVEMBER 2023	SYD	SIN	25200	31750	-/B/PE/E	2023-05-02 19:15:46	-
08 NOVEMBER 2023	SYD	SIN	25200	31750	-/-/PE/E	2023-05-02 19:15:46	-
09 NOVEMBER 2023	SYD	SIN	25200	31750	-/B/-/E	2023-05-02 19:15:46	-
10 NOVEMBER 2023	SYD	SIN	25200	31750	-/B/-/E	2023-05-02 19:15:46	-
11 NOVEMBER 2023	SYD	SIN	25200	31750	-/-/PE/E	2023-05-02 19:15:46	-
12 NOVEMBER 2023	SYD	SIN	25200	31750	-/B/-/E	2023-05-02 19:15:46	-
13 NOVEMBER 2023	SYD	SIN	25200	31750	-/B/PE/E	2023-05-02 19:15:46	-
14 NOVEMBER 2023	SYD	SIN	25200	31750	-/B/PE/E	2023-05-02 19:15:47	-
15 NOVEMBER 2023	SYD	SIN	25200	31750	-/B/PE/E	2023-05-02 19:15:47	-
16 NOVEMBER 2023	SYD	SIN	25200	31750	-/B/-/E	2023-05-02 19:15:47	-
17 NOVEMBER 2023	SYD	SIN	25200	31750	-/B/-/E	2023-05-02 19:15:47	-
18 NOVEMBER 2023	SYD	SIN	25200	31750	-/B/-/E	2023-05-02 19:15:47	-
19 NOVEMBER 2023	SYD	SIN	25200	31750	-/B/-/E	2023-05-02 19:15:47	-
20 NOVEMBER 2023	SYD	SIN	25200	31750	-/-/PE/E	2023-05-02 19:15:47	-
21 NOVEMBER 2023	SYD	SIN	25200	31750	-/-/PE/E	2023-05-02 19:15:47	-
21 NOVEMBER 2023	SYD	SIN	25200	31750	-/-/PE/E	2023-05-02 19:16:00	-
22 NOVEMBER 2023	SYD	SIN	25200	31750	-/-/-/E	2023-05-02 19:15:47	-
22 NOVEMBER 2023	SYD	SIN	25200	31750	-/-/-/E	2023-05-02 19:16:00	-
23 NOVEMBER 2023	SYD	SIN	25200	31750	-/B/-/E	2023-05-02 19:16:00	-
24 NOVEMBER 2023	SYD	SIN	25200	31750	-/-/-/E	2023-05-02 19:16:00	-
25 NOVEMBER 2023	SYD	SIN	25200	31750	-/-/-/E	2023-05-02 19:16:00	-
26 NOVEMBER 2023	SYD	SIN	25200	31750	-/-/-/E	2023-05-02 19:16:00	-
27 NOVEMBER 2023	SYD	SIN	25200	31750	-/-/-/E	2023-05-02 19:16:00	-
28 NOVEMBER 2023	SYD	SIN	25200	31750	-/-/-/E	2023-05-02 19:16:00	-
03 JANUARY 2024	SYD	SIN	68400	90000	-/B/-/-	2023-05-02 19:16:13	-
06 JANUARY 2024	SYD	SIN	25200	31750	-/-/-/E	2023-05-02 19:16:13	-
07 JANUARY 2024	SYD	SIN	25200	31750	-/-/-/E	2023-05-02 19:16:14	-
08 JANUARY 2024	SYD	SIN	25200	31750	-/-/-/E	2023-05-02 19:16:14	-
09 JANUARY 2024	SYD	SIN	25200	31750	-/-/-/E	2023-05-02 19:16:14	-
11 JANUARY 2024	SYD	SIN	25200	31750	-/-/-/E	2023-05-02 19:16:14	-
12 JANUARY 2024	SYD	SIN	25200	31750	-/-/-/E	2023-05-02 19:16:14	-
13 JANUARY 2024	SYD	SIN	25200	31750	-/-/-/E	2023-05-02 19:16:14	-
14 JANUARY 2024	SYD	SIN	25200	31750	-/B/-/E	2023-05-02 19:16:14	-
15 JANUARY 2024	SYD	SIN	25200	31750	-/B/-/E	2023-05-02 19:16:14	-
16 JANUARY 2024	SYD	SIN	25200	31750	-/-/-/E	2023-05-02 19:16:14	-
18 JANUARY 2024	SYD	SIN	25200	31750	-/-/-/E	2023-05-02 19:16:14	-
18 JANUARY 2024	SYD	SIN	25200	31750	-/-/-/E	2023-05-02 19:16:27	-
19 JANUARY 2024	SYD	SIN	25200	31750	-/B/-/E	2023-05-02 19:16:15	-
19 JANUARY 2024	SYD	SIN	25200	31750	-/B/-/E	2023-05-02 19:16:27	-
20 JANUARY 2024	SYD	SIN	25200	31750	-/B/-/E	2023-05-02 19:16:27	-
21 JANUARY 2024	SYD	SIN	25200	31750	-/B/-/E	2023-05-02 19:16:27	-
22 JANUARY 2024	SYD	SIN	25200	31750	-/B/-/E	2023-05-02 19:16:27	-
23 JANUARY 2024	SYD	SIN	25200	31750	-/B/-/E	2023-05-02 19:16:27	-
24 JANUARY 2024	SYD	SIN	25200	31750	-/B/-/E	2023-05-02 19:16:28	-
25 JANUARY 2024	SYD	SIN	25200	31750	-/B/-/E	2023-05-02 19:16:28	-
26 JANUARY 2024	SYD	SIN	25200	31750	-/B/-/E	2023-05-02 19:16:28	-
27 JANUARY 2024	SYD	SIN	25200	31750	-/B/-/E	2023-05-02 19:16:28	-
28 JANUARY 2024	SYD	SIN	25200	31750	-/B/-/E	2023-05-02 19:16:28	-
29 JANUARY 2024	SYD	SIN	25200	31750	-/B/-/E	2023-05-02 19:16:28	-
30 JANUARY 2024	SYD	SIN	25200	31750	-/B/-/E	2023-05-02 19:16:28	-
31 JANUARY 2024	SYD	SIN	25200	31750	-/B/-/E	2023-05-02 19:16:28	-
01 FEBRUARY 2024	SYD	SIN	25200	31750	-/B/-/E	2023-05-02 19:16:28	-
02 FEBRUARY 2024	SYD	SIN	25200	31750	-/B/-/E	2023-05-02 19:16:28	-
03 FEBRUARY 2024	SYD	SIN	25200	31750	-/B/-/E	2023-05-02 19:16:29	-
04 FEBRUARY 2024	SYD	SIN	25200	31750	-/B/-/E	2023-05-02 19:16:29	-
05 FEBRUARY 2024	SYD	SIN	25200	31750	-/B/-/E	2023-05-02 19:16:29	-
06 FEBRUARY 2024	SYD	SIN	25200	31750	-/B/-/E	2023-05-02 19:16:29	-
07 FEBRUARY 2024	SYD	SIN	25200	31750	-/B/-/E	2023-05-02 19:16:29	-
08 FEBRUARY 2024	SYD	SIN	25200	31750	-/B/-/E	2023-05-02 19:16:29	-
09 FEBRUARY 2024	SYD	SIN	25200	31750	-/B/-/E	2023-05-02 19:16:29	-
10 FEBRUARY 2024	SYD	SIN	25200	31750	-/B/-/E	2023-05-02 19:16:29	-
11 FEBRUARY 2024	SYD	SIN	25200	31750	-/B/-/E	2023-05-02 19:16:29	-
12 FEBRUARY 2024	SYD	SIN	25200	31750	-/B/-/E	2023-05-02 19:16:29	-
13 FEBRUARY 2024	SYD	SIN	25200	31750	-/B/PE/E	2023-05-02 19:16:30	-
14 FEBRUARY 2024	SYD	SIN	25200	31750	-/B/-/E	2023-05-02 19:16:30	-
15 FEBRUARY 2024	SYD	SIN	25200	31750	-/B/-/E	2023-05-02 19:16:30	-
16 FEBRUARY 2024	SYD	SIN	25200	31750	-/B/-/E	2023-05-02 19:16:30	-
16 FEBRUARY 2024	SYD	SIN	25200	31750	-/B/-/E	2023-05-02 19:16:44	-
17 FEBRUARY 2024	SYD	SIN	25200	31750	-/B/-/E	2023-05-02 19:16:30	-
17 FEBRUARY 2024	SYD	SIN	25200	31750	-/B/-/E	2023-05-02 19:16:44	-
18 FEBRUARY 2024	SYD	SIN	25200	31750	-/B/PE/E	2023-05-02 19:16:44	-
19 FEBRUARY 2024	SYD	SIN	25200	31750	-/B/-/E	2023-05-02 19:16:45	-
20 FEBRUARY 2024	SYD	SIN	25200	31750	-/B/-/E	2023-05-02 19:16:45	-
21 FEBRUARY 2024	SYD	SIN	25200	31750	-/B/-/E	2023-05-02 19:16:45	-
22 FEBRUARY 2024	SYD	SIN	25200	31750	-/B/-/E	2023-05-02 19:16:45	-
23 FEBRUARY 2024	SYD	SIN	25200	31750	-/B/-/E	2023-05-02 19:16:45	-
24 FEBRUARY 2024	SYD	SIN	25200	31750	-/B/-/E	2023-05-02 19:16:45	-
25 FEBRUARY 2024	SYD	SIN	25200	31750	-/B/-/E	2023-05-02 19:16:45	-
26 FEBRUARY 2024	SYD	SIN	25200	31750	-/B/-/E	2023-05-02 19:16:45	-
27 FEBRUARY 2024	SYD	SIN	25200	31750	-/B/-/E	2023-05-02 19:16:45	-
28 FEBRUARY 2024	SYD	SIN	25200	31750	-/-/-/E	2023-05-02 19:16:45	-
29 FEBRUARY 2024	SYD	SIN	25200	31750	-/B/-/E	2023-05-02 19:16:45	-
01 MARCH 2024	SYD	SIN	25200	31750	-/-/-/E	2023-05-02 19:16:46	-
02 MARCH 2024	SYD	SIN	25200	31750	-/B/-/E	2023-05-02 19:16:46	-
03 MARCH 2024	SYD	SIN	25200	31750	-/-/-/E	2023-05-02 19:16:46	-
04 MARCH 2024	SYD	SIN	25200	31750	-/B/-/E	2023-05-02 19:16:46	-
05 MARCH 2024	SYD	SIN	25200	31750	-/B/-/E	2023-05-02 19:16:46	-
06 MARCH 2024	SYD	SIN	25200	31750	-/-/-/E	2023-05-02 19:16:46	-
07 MARCH 2024	SYD	SIN	25200	31750	-/B/-/E	2023-05-02 19:16:46	-
08 MARCH 2024	SYD	SIN	25200	31750	-/-/-/E	2023-05-02 19:16:46	-
09 MARCH 2024	SYD	SIN	25200	31750	-/B/-/E	2023-05-02 19:16:46	-
10 MARCH 2024	SYD	SIN	25200	31750	-/B/-/E	2023-05-02 19:16:46	-
11 MARCH 2024	SYD	SIN	25200	31750	-/B/-/E	2023-05-02 19:16:47	-
12 MARCH 2024	SYD	SIN	25200	31750	-/B/-/E	2023-05-02 19:16:47	-
13 MARCH 2024	SYD	SIN	25200	31750	-/-/PE/E	2023-05-02 19:16:47	-
14 MARCH 2024	SYD	SIN	25200	31750	-/-/PE/E	2023-05-02 19:16:47	-
15 MARCH 2024	SYD	SIN	25200	31750	-/B/-/E	2023-05-02 19:16:47	-
16 MARCH 2024	SYD	SIN	25200	31750	-/B/PE/E	2023-05-02 19:16:47	-
16 MARCH 2024	SYD	SIN	25200	31750	-/B/PE/E	2023-05-02 19:17:00	-
17 MARCH 2024	SYD	SIN	25200	31750	-/B/-/E	2023-05-02 19:16:47	-
17 MARCH 2024	SYD	SIN	25200	31750	-/B/-/E	2023-05-02 19:17:00	-
18 MARCH 2024	SYD	SIN	25200	31750	-/B/-/E	2023-05-02 19:17:00	-
19 MARCH 2024	SYD	SIN	25200	31750	-/B/PE/E	2023-05-02 19:17:00	-
20 MARCH 2024	SYD	SIN	25200	31750	-/-/-/E	2023-05-02 19:17:00	-
21 MARCH 2024	SYD	SIN	25200	31750	-/-/-/E	2023-05-02 19:17:00	-
22 MARCH 2024	SYD	SIN	25200	31750	-/-/-/E	2023-05-02 19:17:00	-
23 MARCH 2024	SYD	SIN	25200	31750	-/-/-/E	2023-05-02 19:17:01	-
24 MARCH 2024	SYD	SIN	25200	31750	-/-/-/E	2023-05-02 19:17:01	-
25 MARCH 2024	SYD	SIN	25200	31750	-/B/-/E	2023-05-02 19:17:01	-
26 MARCH 2024	SYD	SIN	25200	31750	-/B/-/E	2023-05-02 19:17:01	-
28 MARCH 2024	SYD	SIN	25200	31750	-/-/-/E	2023-05-02 19:17:01	-
29 MARCH 2024	SYD	SIN	25200	31750	-/B/-/E	2023-05-02 19:17:01	-
30 MARCH 2024	SYD	SIN	25200	31750	-/B/-/E	2023-05-02 19:17:01	-
04 APRIL 2024	SYD	SIN	68400	90000	-/B/-/-	2023-05-02 19:17:01	-
04 APRIL 2024	SYD	SIN	68400	90000	-/B/-/-	2023-05-02 19:17:15	-
05 APRIL 2024	SYD	SIN	68400	90000	-/B/-/-	2023-05-02 19:17:01	-
05 APRIL 2024	SYD	SIN	68400	90000	-/B/-/-	2023-05-02 19:17:15	-
07 APRIL 2024	SYD	SIN	68400	90000	-/B/-/-	2023-05-02 19:17:01	-
07 APRIL 2024	SYD	SIN	68400	90000	-/B/-/-	2023-05-02 19:17:15	-
08 APRIL 2024	SYD	SIN	25200	31750	-/B/PE/E	2023-05-02 19:17:02	-
08 APRIL 2024	SYD	SIN	25200	31750	-/B/PE/E	2023-05-02 19:17:16	-
09 APRIL 2024	SYD	SIN	25200	31750	-/B/PE/E	2023-05-02 19:17:02	-
09 APRIL 2024	SYD	SIN	25200	31750	-/B/PE/E	2023-05-02 19:17:16	-
10 APRIL 2024	SYD	SIN	25200	31750	-/B/PE/E	2023-05-02 19:17:02	-
10 APRIL 2024	SYD	SIN	25200	31750	-/B/PE/E	2023-05-02 19:17:16	-
11 APRIL 2024	SYD	SIN	25200	31750	-/B/-/E	2023-05-02 19:17:02	-
11 APRIL 2024	SYD	SIN	25200	31750	-/B/-/E	2023-05-02 19:17:16	-
12 APRIL 2024	SYD	SIN	68400	90000	-/B/-/-	2023-05-02 19:17:02	-
12 APRIL 2024	SYD	SIN	68400	90000	-/B/-/-	2023-05-02 19:17:16	-
13 APRIL 2024	SYD	SIN	68400	90000	-/B/-/-	2023-05-02 19:17:02	-
13 APRIL 2024	SYD	SIN	68400	90000	-/B/-/-	2023-05-02 19:17:16	-
14 APRIL 2024	SYD	SIN	25200	31750	-/-/PE/E	2023-05-02 19:17:02	-
14 APRIL 2024	SYD	SIN	25200	31750	-/-/PE/E	2023-05-02 19:17:16	-
15 APRIL 2024	SYD	SIN	25200	31750	-/-/PE/E	2023-05-02 19:17:02	-
15 APRIL 2024	SYD	SIN	25200	31750	-/-/PE/E	2023-05-02 19:17:17	-
16 APRIL 2024	SYD	SIN	25200	31750	-/B/-/E	2023-05-02 19:17:17	-
17 APRIL 2024	SYD	SIN	25200	31750	-/B/PE/E	2023-05-02 19:17:17	-
18 APRIL 2024	SYD	SIN	25200	31750	-/B/PE/E	2023-05-02 19:17:17	-
19 APRIL 2024	SYD	SIN	68400	90000	-/B/-/-	2023-05-02 19:17:17	-
20 APRIL 2024	SYD	SIN	25200	31750	-/B/PE/E	2023-05-02 19:17:17	-
21 APRIL 2024	SYD	SIN	25200	31750	-/-/PE/E	2023-05-02 19:17:17	-
22 APRIL 2024	SYD	SIN	25200	31750	-/B/PE/E	2023-05-02 19:17:17	-
23 APRIL 2024	SYD	SIN	25200	31750	-/-/PE/E	2023-05-02 19:17:18	-
24 APRIL 2024	SYD	SIN	25200	31750	-/B/PE/E	2023-05-02 19:17:18	-
25 APRIL 2024	SYD	SIN	25200	31750	-/-/PE/E	2023-05-02 19:17:18	-
26 APRIL 2024	SYD	SIN	25200	31750	-/-/PE/E	2023-05-02 19:17:18	-
